{"cameraMode":{"drawMode":0,"name":"Shaded","section":"Shading Mode"},"sceneLighting":false,"audioPlay":false,"sceneViewState":{"m_AlwaysRefresh":false,"showFog":true,"showSkybox":false,"showFlares":true,"showImageEffects":true,"showParticleSystems":true,"showVisualEffectGraphs":true,"m_FxEnabled":true},"in2DMode":false,"pivot":{"x":0.07377147674560547,"y":-0.05747652053833008,"z":0.23866453766822816},"rotation":{"x":0.6838288903236389,"y":-0.00218886393122375,"z":0.002051628427579999,"w":0.7296391725540161},"size":3.2467076778411867,"orthographic":false}